name,state,county,district,school,about_me,url_id
Avery Adams Demo 001,Washington,Demo County 01,Demo District 01,Demo School 001,A local demo teacher profile for exploring Homeroom Heroes.,demo-teacher-001
Jordan Bennett Demo 002,Oregon,Demo County 02,Demo District 02,Demo School 002,A local demo teacher profile for exploring Homeroom Heroes.,demo-teacher-002
Morgan Carter Demo 003,Idaho,Demo County 03,Demo District 03,Demo School 003,A local demo teacher profile for exploring Homeroom Heroes.,demo-teacher-003
Riley Davis Demo 004,Montana,Demo County 04,Demo District 04,Demo School 004,A local demo teacher profile for exploring Homeroom Heroes.,demo-teacher-004
Taylor Ellis Demo 005,Washington,Demo County 05,Demo District 05,Demo School 005,A local demo teacher profile for exploring Homeroom Heroes.,demo-teacher-005
Avery Bennett Demo 006,Oregon,Demo County 06,Demo District 06,Demo School 006,A local demo teacher profile for exploring Homeroom Heroes.,demo-teacher-006
Jordan Carter Demo 007,Idaho,Demo County 07,Demo District 07,Demo School 007,A local demo teacher profile for exploring Homeroom Heroes.,demo-teacher-007
Morgan Davis Demo 008,Montana,Demo County 08,Demo District 08,Demo School 008,A local demo teacher profile for exploring Homeroom Heroes.,demo-teacher-008
Riley Ellis Demo 009,Washington,Demo County 09,Demo District 09,Demo School 009,A local demo teacher profile for exploring Homeroom Heroes.,demo-teacher-009
Taylor Adams Demo 010,Oregon,Demo County 10,Demo District 10,Demo School 010,A local demo teacher profile for exploring Homeroom Heroes.,demo-teacher-010
Avery Carter Demo 011,Idaho,Demo County 01,Demo District 11,Demo School 011,A local demo teacher profile for exploring Homeroom Heroes.,demo-teacher-011
Jordan Davis Demo 012,Montana,Demo County 02,Demo District 12,Demo School 012,A local demo teacher profile for exploring Homeroom Heroes.,demo-teacher-012
Morgan Ellis Demo 013,Washington,Demo County 03,Demo District 13,Demo School 013,A local demo teacher profile for exploring Homeroom Heroes.,demo-teacher-013
Riley Adams Demo 014,Oregon,Demo County 04,Demo District 14,Demo School 014,A local demo teacher profile for exploring Homeroom Heroes.,demo-teacher-014
Taylor Bennett Demo 015,Idaho,Demo County 05,Demo District 15,Demo School 015,A local demo teacher profile for exploring Homeroom Heroes.,demo-teacher-015
Avery Davis Demo 016,Montana,Demo County 06,Demo District 16,Demo School 016,A local demo teacher profile for exploring Homeroom Heroes.,demo-teacher-016
Jordan Ellis Demo 017,Washington,Demo County 07,Demo District 17,Demo School 017,A local demo teacher profile for exploring Homeroom Heroes.,demo-teacher-017
Morgan Adams Demo 018,Oregon,Demo County 08,Demo District 18,Demo School 018,A local demo teacher profile for exploring Homeroom Heroes.,demo-teacher-018
Riley Bennett Demo 019,Idaho,Demo County 09,Demo District 19,Demo School 019,A local demo teacher profile for exploring Homeroom Heroes.,demo-teacher-019
Taylor Carter Demo 020,Montana,Demo County 10,Demo District 20,Demo School 020,A local demo teacher profile for exploring Homeroom Heroes.,demo-teacher-020
Avery Ellis Demo 021,Washington,Demo County 01,Demo District 01,Demo School 021,A local demo teacher profile for exploring Homeroom Heroes.,demo-teacher-021
Jordan Adams Demo 022,Oregon,Demo County 02,Demo District 02,Demo School 022,A local demo teacher profile for exploring Homeroom Heroes.,demo-teacher-022
Morgan Bennett Demo 023,Idaho,Demo County 03,Demo District 03,Demo School 023,A local demo teacher profile for exploring Homeroom Heroes.,demo-teacher-023
Riley Carter Demo 024,Montana,Demo County 04,Demo District 04,Demo School 024,A local demo teacher profile for exploring Homeroom Heroes.,demo-teacher-024
Taylor Davis Demo 025,Washington,Demo County 05,Demo District 05,Demo School 025,A local demo teacher profile for exploring Homeroom Heroes.,demo-teacher-025
Avery Adams Demo 026,Oregon,Demo County 06,Demo District 06,Demo School 026,A local demo teacher profile for exploring Homeroom Heroes.,demo-teacher-026
Jordan Bennett Demo 027,Idaho,Demo County 07,Demo District 07,Demo School 027,A local demo teacher profile for exploring Homeroom Heroes.,demo-teacher-027
Morgan Carter Demo 028,Montana,Demo County 08,Demo District 08,Demo School 028,A local demo teacher profile for exploring Homeroom Heroes.,demo-teacher-028
Riley Davis Demo 029,Washington,Demo County 09,Demo District 09,Demo School 029,A local demo teacher profile for exploring Homeroom Heroes.,demo-teacher-029
Taylor Ellis Demo 030,Oregon,Demo County 10,Demo District 10,Demo School 030,A local demo teacher profile for exploring Homeroom Heroes.,demo-teacher-030
Avery Bennett Demo 031,Idaho,Demo County 01,Demo District 11,Demo School 031,A local demo teacher profile for exploring Homeroom Heroes.,demo-teacher-031
Jordan Carter Demo 032,Montana,Demo County 02,Demo District 12,Demo School 032,A local demo teacher profile for exploring Homeroom Heroes.,demo-teacher-032
Morgan Davis Demo 033,Washington,Demo County 03,Demo District 13,Demo School 033,A local demo teacher profile for exploring Homeroom Heroes.,demo-teacher-033
Riley Ellis Demo 034,Oregon,Demo County 04,Demo District 14,Demo School 034,A local demo teacher profile for exploring Homeroom Heroes.,demo-teacher-034
Taylor Adams Demo 035,Idaho,Demo County 05,Demo District 15,Demo School 035,A local demo teacher profile for exploring Homeroom Heroes.,demo-teacher-035
Avery Carter Demo 036,Montana,Demo County 06,Demo District 16,Demo School 036,A local demo teacher profile for exploring Homeroom Heroes.,demo-teacher-036
Jordan Davis Demo 037,Washington,Demo County 07,Demo District 17,Demo School 037,A local demo teacher profile for exploring Homeroom Heroes.,demo-teacher-037
Morgan Ellis Demo 038,Oregon,Demo County 08,Demo District 18,Demo School 038,A local demo teacher profile for exploring Homeroom Heroes.,demo-teacher-038
Riley Adams Demo 039,Idaho,Demo County 09,Demo District 19,Demo School 039,A local demo teacher profile for exploring Homeroom Heroes.,demo-teacher-039
Taylor Bennett Demo 040,Montana,Demo County 10,Demo District 20,Demo School 040,A local demo teacher profile for exploring Homeroom Heroes.,demo-teacher-040
Avery Davis Demo 041,Washington,Demo County 01,Demo District 01,Demo School 041,A local demo teacher profile for exploring Homeroom Heroes.,demo-teacher-041
Jordan Ellis Demo 042,Oregon,Demo County 02,Demo District 02,Demo School 042,A local demo teacher profile for exploring Homeroom Heroes.,demo-teacher-042
Morgan Adams Demo 043,Idaho,Demo County 03,Demo District 03,Demo School 043,A local demo teacher profile for exploring Homeroom Heroes.,demo-teacher-043
Riley Bennett Demo 044,Montana,Demo County 04,Demo District 04,Demo School 044,A local demo teacher profile for exploring Homeroom Heroes.,demo-teacher-044
Taylor Carter Demo 045,Washington,Demo County 05,Demo District 05,Demo School 045,A local demo teacher profile for exploring Homeroom Heroes.,demo-teacher-045
Avery Ellis Demo 046,Oregon,Demo County 06,Demo District 06,Demo School 046,A local demo teacher profile for exploring Homeroom Heroes.,demo-teacher-046
Jordan Adams Demo 047,Idaho,Demo County 07,Demo District 07,Demo School 047,A local demo teacher profile for exploring Homeroom Heroes.,demo-teacher-047
Morgan Bennett Demo 048,Montana,Demo County 08,Demo District 08,Demo School 048,A local demo teacher profile for exploring Homeroom Heroes.,demo-teacher-048
Riley Carter Demo 049,Washington,Demo County 09,Demo District 09,Demo School 049,A local demo teacher profile for exploring Homeroom Heroes.,demo-teacher-049
Taylor Davis Demo 050,Oregon,Demo County 10,Demo District 10,Demo School 050,A local demo teacher profile for exploring Homeroom Heroes.,demo-teacher-050
